{
  "judge_only": {
    "mean": 0.95375,
    "std": 0.0,
    "min": 0.95375,
    "max": 0.95375,
    "runs": [
      0.95375,
      0.95375,
      0.95375,
      0.95375,
      0.95375
    ]
  },
  "generation+judge": {
    "mean": 0.9515,
    "std": 0.004499999999999993,
    "min": 0.9425,
    "max": 0.95375,
    "runs": [
      0.95375,
      0.9425,
      0.95375,
      0.95375,
      0.95375
    ]
  },
  "judge_failures": 0
}